SerieKey,Time,Value
1,1993,22.68463728
1,1994,22.36255856
1,1995,21.41253242
1,1996,20.4931889
1,1997,21.39417724
1,1998,21.96012982
1,1999,22.42590983
1,2000,22.678129
1,2001,21.79250679
1,2002,20.47768613
1,2003,23.88175555
1,2004,26.54538589
1,2005,26.60076046
1,2006,26.91507626
1,2007,28.04545114
1,2008,29.29168863
1,2009,30.18885129
1,2010,30.44878907
1,2011,30.59037321
1,2012,32.05793386
1,2013,32.61977037
1,2014,32.44011106
1,2015,33.97370411
1,2016,32.45858337
1,2017,32.34750557
1,2018,32.19426129
1,2019,31.9945944
1,2020,31.8391746
1,2021,31.6994613
2,1993,1.296528096
2,1994,0.15177184
2,1995,-0.42049246
2,1996,-0.995770428
2,1997,0.264864306
2,1998,0.53907735
2,1999,-0.674873352
2,2000,0.410790685
2,2001,-1.189228151
2,2002,0.096062352
2,2003,2.953861643
2,2004,4.801749835
2,2005,3.998316906
2,2006,3.344928912
2,2007,1.736760014
2,2008,1.754497674
2,2009,-1.091530224
2,2010,-0.416987556
2,2011,-1.393305162
2,2012,-1.479690776
2,2013,-2.386946536
2,2014,-3.237623826
2,2015,-5.420135073
2,2016,-5.555226442
2,2017,-5.079582569
2,2018,-4.109518182
2,2019,-3.042095797
2,2020,-1.959119321
2,2021,-1.826498699
3,1990,1.876121531
3,1991,-0.97928586
3,1992,-3.11813654
3,1993,-2.897373874
3,1994,-1.786710158
3,1995,-0.498048759
3,1996,0.567529761
3,1997,1.221202372
3,1998,1.145195348
3,1999,1.648569717
3,2000,1.933638728
3,2001,0.690182362
3,2002,0.854128587
3,2003,1.346253242
3,2004,1.316308929
3,2005,1.568614394
3,2006,1.471195241
3,2007,1.285025761
3,2008,-1.132082804
3,2009,-4.460853508
3,2010,-4.813649163
3,2011,-3.966831464
3,2012,-2.759061635
3,2013,-2.005952997
3,2014,-2.023190206
3,2015,-1.854964562
3,2016,-1.81891042
3,2017,-1.419118916
3,2018,-0.620207107
3,2019,0.216478684
3,2020,0.847838761
3,2021,1.008520243
4,1990,-3.727111789
4,1991,-4.025721713
4,1992,-3.260926148
4,1993,-5.425571395
4,1994,-5.944024282
4,1995,-6.43537544
4,1996,-4.090643377
4,1997,-2.305139637
4,1998,-2.67366788
4,1999,-2.569645178
4,2000,-2.264034298
4,2001,-0.20171477
4,2002,-1.329659221
4,2003,-1.484331241
4,2004,-0.995792426
4,2005,-2.627239448
4,2006,-2.528392797
4,2007,-1.676817219
4,2008,-1.622683338
4,2009,-3.10836349
4,2010,-2.2717944
4,2011,-0.411317101
4,2012,4.69E-03
4,2013,0.827973528
4,2014,-0.694407571
4,2015,0.751210678
4,2016,0.198502313
4,2017,0.187312569
4,2018,0.319604924
4,2019,0.42106705
4,2020,0.473561007
4,2021,0.560139758
5,1990,9.592045886
5,1991,12.61235158
5,1992,18.23369043
5,1993,22.04830486
5,1994,23.27698336
5,1995,23.0663985
5,1996,21.29791799
5,1997,18.19123153
5,1998,14.66285408
5,1999,11.04246408
5,2000,7.148760874
5,2001,4.703551552
5,2002,2.767420234
5,2003,0.754580497
5,2004,-1.230454161
5,2005,-3.813951262
5,2006,-6.323198111
5,2007,-7.270627743
5,2008,-5.293537583
5,2009,-0.597133063
5,2010,3.926932067
5,2011,8.062168867
5,2012,11.2070002
5,2013,13.19953024
5,2014,15.56961187
5,2015,17.66931364
5,2016,19.70026064
5,2017,21.13898057
5,2018,21.57159971
5,2019,20.98634443
5,2020,19.76925187
5,2021,18.47363615
6,2012,60.42089108
6,2013,60.244061
6,2014,59.51866057
6,2015,59.06227236
6,2016,58.46878292
6,2017,57.97734651
6,2018,57.19864208
6,2019,56.17758234
6,2020,55.14559479
6,2021,54.16424003
7,1993,22.70968464
7,1994,23.6512471
7,1995,23.54948248
7,1996,23.39104981
7,1997,23.28419539
7,1998,23.84248738
7,1999,26.23897004
7,2000,26.00427733
7,2001,27.21663877
7,2002,22.60047814
7,2003,22.70863872
7,2004,22.99622183
7,2005,24.41363816
7,2006,25.20611896
7,2007,28.10134354
7,2008,29.04984529
7,2009,32.62251218
7,2010,31.72078341
7,2011,33.14195574
7,2012,34.85986161
7,2013,35.62086096
7,2014,36.43013743
7,2015,40.60397814
7,2016,39.5811905
7,2017,39.73031702
7,2018,38.77312736
7,2019,37.44419608
7,2020,36.14647878
7,2021,35.84808897
8,1990,30.56449371
8,1991,33.10366798
8,1992,34.08904037
8,1993,34.13258483
8,1994,33.80673767
8,1995,33.66561941
8,1996,33.50820005
8,1997,32.83925681
8,1998,34.72600337
8,1999,36.27028272
8,2000,35.34850474
8,2001,35.77206934
8,2002,35.03703704
8,2003,34.99733116
8,2004,34.94221767
8,2005,34.68800951
8,2006,34.63861928
8,2007,34.36558623
8,2008,35.08460868
8,2009,37.92777401
8,2010,37.10801907
8,2011,36.54823572
8,2012,36.78670241
8,2013,36.7893111
8,2014,37.12048583
8,2015,37.48430087
8,2016,37.63955781
8,2017,37.4373422
8,2018,36.87544866
8,2019,36.3162415
8,2020,36.01791228
8,2021,35.97855891
9,1990,49.23124862
9,1991,50.31434418
9,1992,51.80293624
9,1993,57.09598675
9,1994,57.10555804
9,1995,59.01132878
9,1996,58.32867129
9,1997,54.91216946
9,1998,54.79483914
9,1999,54.4634
9,2000,53.28147815
9,2001,53.30037489
9,2002,53.28375701
9,2003,53.14665114
9,2004,51.92096552
9,2005,53.46869861
9,2006,52.58675597
9,2007,51.68962809
9,2008,52.2002411
9,2009,54.11717909
9,2010,52.74788405
9,2011,50.81520659
9,2012,51.11868952
9,2013,50.81245485
9,2014,52.57275327
9,2015,51.68351902
9,2016,51.32715046
9,2017,51.00629641
9,2018,50.68924926
9,2019,50.52496294
9,2020,50.39181876
9,2021,50.25136261
10,1992,25.74609751
10,1993,27.73858352
10,1994,29.31042554
10,1995,31.67342817
10,1996,33.56123384
10,1997,32.66203505
10,1998,35.2002437
10,1999,40.09651498
10,2000,42.05957256
10,2001,49.4355017
10,2002,152.1117611
10,2003,128.5611363
10,2004,117.1163315
10,2005,66.9382125
10,2006,58.62217153
10,2007,50.84169722
10,2008,43.85298813
10,2009,53.82841657
10,2010,42.62350559
10,2011,38.0628684
10,2012,39.43388942
10,2013,42.1953788
10,2014,43.58667433
10,2015,52.13093383
10,2016,51.75072247
10,2017,50.71643511
10,2018,51.19901452
10,2019,50.49489175
10,2020,49.32228718
10,2021,48.86000016
11,1990,16.45483196
11,1991,21.63606475
11,1992,27.6575876
11,1993,30.65990841
11,1994,31.76982742
11,1995,31.13151676
11,1996,29.31351695
11,1997,25.92467452
11,1998,23.75575526
11,1999,22.57592395
11,2000,19.57025221
11,2001,17.1796289
11,2002,15.0632676
11,2003,13.21992184
11,2004,11.94340202
11,2005,10.89321332
11,2006,9.966901724
11,2007,9.682675959
11,2008,11.74364878
11,2009,16.74659932
11,2010,20.4812913
11,2011,24.20051045
11,2012,27.79823766
11,2013,30.82911052
11,2014,34.32283047
11,2015,37.63774914
11,2016,40.94293471
11,2017,43.24512712
11,2018,43.45482991
11,2019,42.30054175
11,2020,40.63049707
11,2021,39.00582038
12,1990,56.05689207
12,1991,56.25980271
12,1992,56.15310424
12,1993,60.76451952
12,1994,63.86340966
12,1995,68.01662359
12,1996,67.95924071
12,1997,63.19433529
12,1998,63.60626304
12,1999,66.426177
12,2000,65.86421334
12,2001,66.48380682
12,2002,66.29132851
12,2003,65.49203006
12,2004,64.80241188
12,2005,68.31451188
12,2006,67.04418376
12,2007,64.80821996
12,2008,68.51767801
12,2009,79.72583086
12,2010,82.38979729
12,2011,82.19313457
12,2012,81.62440756
12,2013,80.79886446
12,2014,84.25378292
12,2015,86.19267554
12,2016,84.87028898
12,2017,83.71280978
12,2018,82.27749124
12,2019,80.58649875
12,2020,78.91506365
12,2021,77.29306421
13,1993,-2.50E-02
13,1994,-1.28868854
13,1995,-2.136950063
13,1996,-2.897860912
13,1997,-1.890018143
13,1998,-1.88235756
13,1999,-3.813060211
13,2000,-3.326148333
13,2001,-5.424131983
13,2002,-2.122792014
13,2003,1.173116823
13,2004,3.549164057
13,2005,2.187122301
13,2006,1.708957306
13,2007,-5.59E-02
13,2008,0.241843332
13,2009,-2.433660886
13,2010,-1.271994333
13,2011,-2.551582536
13,2012,-2.80192775
13,2013,-3.001090591
13,2014,-3.990026371
13,2015,-6.630274031
13,2016,-7.122607128
13,2017,-7.382811441
13,2018,-6.578866068
13,2019,-5.449601679
13,2020,-4.307304177
13,2021,-4.148627667
14,1990,-0.232324117
14,1991,-2.791915248
14,1992,-4.749266875
14,1993,-4.72590722
14,1994,-3.799999319
14,1995,-2.60164848
14,1996,-1.454349296
14,1997,-0.493343768
14,1998,-0.246321263
14,1999,0.666656559
14,2000,1.255189494
14,2001,-0.030384522
14,2002,0.193233927
14,2003,1.053466107
14,2004,1.327131901
14,2005,1.712303468
14,2006,1.776621353
14,2007,1.47702586
14,2008,-1.100872197
14,2009,-4.555526269
14,2010,-5.103565053
14,2011,-4.46770945
14,2012,-3.459148324
14,2013,-2.800757888
14,2014,-2.910869011
14,2015,-2.847402077
14,2016,-2.89132161
14,2017,-2.52033798
14,2018,-1.708042926
14,2019,-0.829480477
14,2020,-0.169317559
14,2021,-8.25E-03
15,1990,-5.566240949
15,1991,-6.005301208
15,1992,-5.293735116
15,1993,-8.004925441
15,1994,-8.4733812
15,1995,-9.708680386
15,1996,-7.420484592
15,1997,-5.385631317
15,1998,-5.649401189
15,1999,-5.35165584
15,2000,-5.010144936
15,2001,-2.901480605
15,2002,-3.934911015
15,2003,-3.900396606
15,2004,-3.261663104
15,2005,-5.000549664
15,2006,-4.866057604
15,2007,-3.882361115
15,2008,-3.851463025
15,2009,-5.317377437
15,2010,-4.447791403
15,2011,-2.557369338
15,2012,-2.169640185
15,2013,-1.31178787
15,2014,-2.702679242
15,2015,-1.15176183
15,2016,-1.583939412
15,2017,-1.470459249
15,2018,-1.139388354
15,2019,-0.993897425
15,2020,-0.849505877
15,2021,-0.709049727
16,1990,30.33216959
16,1991,30.31175273
16,1992,29.3397735
16,1993,29.40667761
16,1994,30.00673835
16,1995,31.06397093
16,1996,32.05385075
16,1997,32.34591305
16,1998,34.4796821
16,1999,36.93693928
16,2000,36.60369423
16,2001,35.74168481
16,2002,35.23027096
16,2003,36.05079727
16,2004,36.26934957
16,2005,36.40031297
16,2006,36.41524064
16,2007,35.84261209
16,2008,33.98373648
16,2009,33.37224774
16,2010,32.00445402
16,2011,32.08052627
16,2012,33.32755408
16,2013,33.98855321
16,2014,34.20961682
16,2015,34.63689879
16,2016,34.74823621
16,2017,34.91700422
16,2018,35.16740573
16,2019,35.48676102
16,2020,35.84859472
16,2021,35.97031028
17,1990,43.66500767
17,1991,44.30904297
17,1992,46.50920112
17,1993,49.09106131
17,1994,48.63217684
17,1995,49.3026484
17,1996,50.9081867
17,1997,49.52653814
17,1998,49.14543795
17,1999,49.11174416
17,2000,48.27133321
17,2001,50.39889429
17,2002,49.34884599
17,2003,49.24625453
17,2004,48.65930241
17,2005,48.46814895
17,2006,47.72069837
17,2007,47.80726698
17,2008,48.34877807
17,2009,48.79980166
17,2010,48.30009265
17,2011,48.25783726
17,2012,48.94904934
17,2013,49.50066698
17,2014,49.87007403
17,2015,50.53175719
17,2016,49.74321104
17,2017,49.53583716
17,2018,49.54986091
17,2019,49.53106551
17,2020,49.54231288
17,2021,49.54231288
18,1993,6.66E-02
18,1994,-1.073921659
18,1995,-0.724732171
18,1996,-1.56956908
18,1997,-1.719230057
18,1998,-2.115057929
18,1999,-2.855622638
18,2000,-2.679130479
18,2001,-3.484371663
18,2002,0.223142374
18,2003,2.117662018
18,2004,3.925754915
18,2005,2.078171105
18,2006,1.309072469
18,2007,-1.29479724
18,2008,-0.815335658
18,2009,-0.420786728
18,2010,-1.267938392
18,2011,-3.629140915
18,2012,-2.936761197
18,2013,-3.623408386
18,2014,-3.485576987
18,2015,-7.054824824
18,2016,-6.230350081
18,2017,-6.49010092
18,2018,-5.540574736
18,2019,-4.305973135
18,2020,-3.14082677
18,2021,-2.981036587
19,1993,0.886152205
19,1994,-0.134494859
19,1995,0.362184039
19,1996,-0.339070236
19,1997,-0.256013935
19,1998,-0.456056056
19,1999,-0.808305921
19,2000,-0.199429854
19,2001,-0.785734076
19,2002,1.862984038
19,2003,3.664884226
19,2004,5.158619147
19,2005,3.898573407
19,2006,2.972061197
19,2007,0.579203126
19,2008,0.75205618
19,2009,0.839206594
19,2010,-0.411887688
19,2011,-2.432522666
19,2012,-1.609272687
19,2013,-2.998415946
19,2014,-2.743582768
19,2015,-5.831681256
19,2016,-4.702203218
19,2017,-4.235692243
19,2018,-3.13673032
19,2019,-1.970550847
19,2020,-0.867444537
19,2021,-0.733575471
20,1991,-0.232937707
20,1992,-2.131521383
20,1993,-2.159156952
20,1994,-1.181834057
20,1995,9.42E-02
20,1996,1.20151386
20,1997,1.841393814
20,1998,1.590563193
20,1999,1.932763364
20,2000,2.015955174
20,2001,0.85362893
20,2002,0.964964951
20,2003,1.320388397
20,2004,1.247966169
20,2005,1.527200585
20,2006,1.393809017
20,2007,1.029697122
20,2008,-1.415764463
20,2009,-4.383738438
20,2010,-4.595808728
20,2011,-3.698519559
20,2012,-2.466715091
20,2013,-1.617936115
20,2014,-1.504439451
20,2015,-1.292991884
20,2016,-1.297284885
20,2017,-0.960579472
20,2018,-0.260592799
20,2019,0.45061847
20,2020,0.970622591
20,2021,1.056113911
21,1995,-6.070884914
21,1996,-4.052575332
21,1997,-1.81606956
21,1998,-2.904207971
21,1999,-2.699382183
21,2000,-2.953872321
21,2001,-0.275237082
21,2002,-0.963816599
21,2003,-0.546068685
21,2004,1.78E-02
21,2005,-1.93596873
21,2006,-3.103021538
21,2007,-3.858592007
21,2008,-3.548739921
21,2009,-1.495026822
21,2010,-1.263302163
21,2011,-0.547155068
21,2012,8.81E-02
21,2013,1.296994091
21,2014,0.222295468
21,2015,1.475337342
21,2016,0.628425264
21,2017,0.465117521
21,2018,0.403194165
21,2019,0.466771845
21,2020,0.506032792
21,2021,0.579585768
22,1991,-1.999584289
22,1992,-3.715705345
22,1993,-3.951591517
22,1994,-3.178391777
22,1995,-1.992197156
22,1996,-0.813678008
22,1997,0.122591108
22,1998,0.18502229
22,1999,0.942802133
22,2000,1.329843869
22,2001,0.132645222
22,2002,0.300903492
22,2003,1.028087389
22,2004,1.259203696
22,2005,1.676875407
22,2006,1.711122777
22,2007,1.231025172
22,2008,-1.382878023
22,2009,-4.47946398
22,2010,-4.894383937
22,2011,-4.21140554
22,2012,-3.172665108
22,2013,-2.419302664
22,2014,-2.394114867
22,2015,-2.280376952
22,2016,-2.372069299
22,2017,-2.070491888
22,2018,-1.362442235
22,2019,-0.615306982
22,2020,-6.95E-02
22,2021,1.42E-02
23,1995,-8.990790348
23,1996,-7.38034159
23,1997,-4.871157434
23,1998,-5.891437571
23,1999,-5.487451798
23,2000,-5.731947903
23,2001,-2.978472971
23,2002,-3.552728298
23,2003,-2.923373178
23,2004,-2.208499812
23,2005,-4.281764679
23,2006,-5.463251869
23,2007,-6.146144443
23,2008,-5.850746481
23,2009,-3.644749798
23,2010,-3.402275213
23,2011,-2.698284969
23,2012,-2.083073751
23,2013,-0.824900904
23,2014,-1.754066893
23,2015,-0.404107487
23,2016,-1.134981035
23,2017,-1.174256605
23,2018,-1.044185749
23,2019,-0.938401613
23,2020,-0.80768282
23,2021,-0.681450391
24,1990,10.59338176
24,1991,10.97023617
24,1992,10.79111544
24,1993,11.98558918
24,1994,11.8854261
24,1995,11.89117704
24,1996,9.168991892
24,1997,9.355257599
24,1998,8.923639011
24,1999,8.46621142
24,2000,8.489216099
24,2001,8.649287787
24,2002,9.562293132
24,2003,9.804302515
24,2004,9.124267414
24,2005,9.354526673
24,2006,9.558595932
24,2007,9.299270936
24,2008,9.792863581
24,2009,9.458611166
24,2010,10.0238396
24,2011,10.36240565
24,2012,11.24562207
24,2013,11.2288917
24,2014,10.92035392
24,2015,9.919500051
24,2016,10.4834119
24,2017,11.09965729
24,2018,11.88340039
24,2019,12.32509619
24,2020,12.75573879
24,2021,13.03617997
25,1990,-0.180569837
25,1991,0.521462141
25,1992,0.419493706
25,1993,0.502293141
25,1994,3.78E-02
25,1995,-0.444193131
25,1996,-2.375436905
25,1997,-2.284108449
25,1998,-2.571083495
25,1999,-1.563550685
25,2000,-2.918305461
25,2001,-4.080077757
25,2002,-2.737512095
25,2003,-2.342577816
25,2004,-2.623860389
25,2005,-2.8525622
25,2006,-2.57255392
25,2007,-2.232744899
25,2008,-4.030652684
25,2009,-3.210027688
25,2010,-2.675356067
25,2011,-3.589160486
25,2012,-2.978395739
25,2013,-3.380968216
25,2014,-3.076787055
25,2015,-3.881152905
25,2016,-4.256538789
25,2017,-4.679960744
25,2018,-4.243431129
25,2019,-4.15294224
25,2020,-3.947233681
25,2021,-3.543242155
26,2003,44.32169691
26,2004,43.48184932
26,2005,42.29555622
26,2006,42.32450047
26,2007,41.91341757
26,2008,40.57323332
26,2009,39.54272411
26,2010,36.61801698
26,2011,35.3020092
26,2012,33.82200673
26,2013,34.46458848
26,2014,33.86952576
26,2015,33.90460498
26,2016,33.97073296
26,2017,34.34233151
26,2018,34.24874819
26,2019,34.17236309
26,2020,33.88637594
26,2021,33.63781151
27,1990,10.7739516
27,1991,10.44877403
27,1992,10.37162174
27,1993,11.48329604
27,1994,11.84763054
27,1995,12.33537017
27,1996,11.5444288
27,1997,11.63936605
27,1998,11.49472251
27,1999,10.0297621
27,2000,11.40752156
27,2001,12.72936554
27,2002,12.29980523
27,2003,12.14688033
27,2004,11.7481278
27,2005,12.20708887
27,2006,12.13114985
27,2007,11.53201584
27,2008,13.82351627
27,2009,12.66863885
27,2010,12.69919566
27,2011,13.95156614
27,2012,14.22401781
27,2013,14.60985991
27,2014,13.99714097
27,2015,13.80065296
27,2016,14.73995069
27,2017,15.77961803
27,2018,16.12683152
27,2019,16.47803843
27,2020,16.70297247
27,2021,16.57942212
28,1990,0.388269392
28,1991,1.309136553
28,1992,1.168615359
28,1993,1.224983452
28,1994,0.717434694
28,1995,0.299500618
28,1996,-1.479730461
28,1997,-1.446775212
28,1998,-1.568540387
28,1999,-0.337670572
28,2000,-1.549265048
28,2001,-2.675934167
28,2002,-1.181516187
28,2003,-0.720164537
28,2004,-1.212579576
28,2005,-1.415695559
28,2006,-1.016379894
28,2007,-0.593057144
28,2008,-1.887598871
28,2009,-1.031100662
28,2010,-0.818769045
28,2011,-1.887314027
28,2012,-1.051905233
28,2013,-1.379422162
28,2014,-0.977692215
28,2015,-1.839065884
28,2016,-2.212278968
28,2017,-2.422537216
28,2018,-1.943494865
28,2019,-1.87432809
28,2020,-1.629142828
28,2021,-1.383244402
29,1990,28.8961039
29,1991,31.59608969
29,1992,29.47811503
29,1993,26.90539991
29,1994,29.18925642
29,1995,29.96758089
29,1996,32.10727626
29,1997,33.33098338
29,1998,27.3631353
29,1999,29.9483021
29,2000,38.27231721
29,2001,34.99098673
29,2002,35.44892544
29,2003,37.07779449
29,2004,36.02421493
29,2005,40.76556467
29,2006,42.81450152
29,2007,39.43007383
29,2008,47.00069138
29,2009,36.87853816
29,2010,36.63695606
29,2011,39.85878107
29,2012,39.11070364
29,2013,35.7943859
29,2014,33.35095988
29,2015,29.95615747
29,2016,27.90748344
29,2017,29.57406337
29,2018,30.1075381
29,2019,30.42282499
29,2020,30.77397408
29,2021,31.16121683
30,1998,10.8642166
30,1999,10.76561302
30,2000,11.14495986
30,2001,42.92272003
30,2002,42.2963361
30,2003,43.79973492
30,2004,43.88758905
30,2005,45.10308439
30,2006,46.79792534
30,2007,47.25062904
30,2008,48.94610148
30,2009,44.17141674
30,2010,39.7214018
30,2011,37.08161633
30,2012,38.72207023
30,2013,39.31418011
30,2014,38.47066301
30,2015,40.72458888
30,2016,37.49630505
30,2017,37.70596785
30,2018,37.84456509
30,2019,37.96871997
30,2020,38.13433361
30,2021,38.33242188
31,1994,17.86791291
31,1995,17.57171244
31,1996,17.58598924
31,1997,19.15920995
31,1998,20.35268762
31,1999,18.47198421
31,2000,23.13491427
31,2001,21.79420157
31,2002,22.21209834
31,2003,28.07143294
31,2004,27.34924682
31,2005,25.10130802
31,2006,28.32973403
31,2007,28.48657936
31,2008,51.72140528
31,2009,41.98906198
31,2010,46.00760094
31,2011,45.50260262
31,2012,41.46183088
31,2013,39.47878594
31,2014,38.91439347
31,2015,33.75085182
31,2016,35.00851709
31,2017,37.57568696
31,2018,40.2909394
31,2019,44.44514759
31,2020,45.321917
31,2021,44.77827256
32,1996,47.82836625
32,1997,42.66413287
32,1998,33.7936016
32,1999,50.30376705
32,2000,52.41952562
32,2001,45.82169642
32,2002,35.07940691
32,2003,37.30434132
32,2004,37.15728845
32,2005,44.12519794
32,2006,50.17150294
32,2007,45.82279686
32,2008,50.93966562
32,2009,34.56078171
32,2010,43.47871448
32,2011,48.83539357
32,2012,45.89597933
32,2013,40.21639079
32,2014,35.32719042
32,2015,24.78406372
32,2016,20.99417423
32,2017,22.46511396
32,2018,22.92777604
32,2019,22.94619853
32,2020,22.87562298
32,2021,22.71095614
33,1990,3.185425685
33,1991,3.801042068
33,1992,0.751453045
33,1993,-5.915993962
33,1994,-1.864595939
33,1995,0.586636342
33,1996,3.912373541
33,1997,2.930436659
33,1998,-3.576341021
33,1999,-1.89458923
33,2000,9.701394446
33,2001,3.739585058
33,2002,1.163836561
33,2003,4.875635436
33,2004,5.25924119
33,2005,13.62939698
33,2006,13.94491186
33,2007,6.132946557
33,2008,9.054515789
33,2009,-5.466429707
33,2010,-0.38785375
33,2011,-0.436116943
33,2012,-4.434863562
33,2013,-0.400058881
33,2014,-7.310045053
33,2015,-16.15441651
33,2016,-12.93018698
33,2017,-9.304464947
33,2018,-7.688164558
33,2019,-6.555490876
33,2020,-5.268680784
33,2021,-3.898226259
34,2001,-2.890504025
34,2002,-2.978411676
34,2003,-0.735119998
34,2004,-0.210855459
34,2005,1.05E-02
34,2006,0.956285654
34,2007,-0.682652275
34,2008,-9.762302944
34,2009,-9.280241867
34,2010,-2.332919624
34,2011,2.559705489
34,2012,-0.130613858
34,2013,-2.85555261
34,2014,-1.748254842
34,2015,-3.48488614
34,2016,-5.334101684
34,2017,-8.248719619
34,2018,-8.022155645
34,2019,-7.944899874
34,2020,-7.793205473
34,2021,-6.469280934
35,1994,-6.415858828
35,1995,-4.883306777
35,1996,-2.771412274
35,1997,-1.61411738
35,1998,-4.346282143
35,1999,-5.086093289
35,2000,2.303944607
35,2001,3.132931169
35,2002,-5.461024112
35,2003,-0.449652967
35,2004,1.484742097
35,2005,2.430830248
35,2006,-2.893257795
35,2007,0.711850416
35,2008,21.58021296
35,2009,8.303289617
35,2010,14.22318963
35,2011,11.74901306
35,2012,4.268603835
35,2013,0.977436458
35,2014,3.192248879
35,2015,-6.761752855
35,2016,-9.858022105
35,2017,-3.919253463
35,2018,-0.396845949
35,2019,6.34941701
35,2020,7.980402338
35,2021,7.596301948
36,1996,7.225362117
36,1997,-0.372389159
36,1998,-8.206226663
36,1999,-13.01950177
36,2000,2.800087791
36,2001,3.885154382
36,2002,-3.109686294
36,2003,-5.881062984
36,2004,1.419235772
36,2005,9.389475396
36,2006,11.81100419
36,2007,4.655572383
36,2008,-4.454537969
36,2009,-7.3549425
36,2010,3.449589763
36,2011,8.676829536
36,2012,4.586479369
36,2013,-0.332481389
36,2014,-6.574738455
36,2015,-4.890401805
36,2016,-5.350405488
36,2017,-5.391908666
36,2018,-4.028007519
36,2019,-3.414964128
36,2020,-2.918899668
36,2021,-2.578792339
37,1991,77.833696
37,1992,62.92569334
37,1993,74.02787618
37,1994,98.37605002
37,1995,116.1950932
37,1996,98.14785992
37,1997,69.85506158
37,1998,72.86318397
37,1999,82.01907366
37,2000,62.81327125
37,2001,54.7459904
37,2002,51.43049572
37,2003,42.35569077
37,2004,35.23422169
37,2005,26.34554616
37,2006,23.73500427
37,2007,13.64345462
37,2008,8.387151045
37,2009,10.16396251
37,2010,10.87492646
37,2011,9.489045454
37,2012,9.491093282
37,2013,7.74417899
37,2014,7.955684362
37,2015,9.060291185
37,2016,13.02786233
37,2017,17.13432257
37,2018,23.87796675
37,2019,29.12120983
37,2020,32.65133472
37,2021,34.53208509
38,2004,9.536458528
38,2005,8.391067974
38,2006,11.09377168
38,2007,18.34665418
38,2008,20.80428589
38,2009,26.02385123
38,2010,30.57329886
38,2011,34.94306795
38,2012,32.0400435
38,2013,34.45131287
38,2014,37.33162575
38,2015,53.73587882
38,2016,54.93142759
38,2017,59.18729393
38,2018,62.77508155
38,2019,65.72314518
38,2020,68.18503287
38,2021,69.22007729
39,1995,19.20911051
39,1996,16.72123521
39,1997,12.46567519
39,1998,14.29077487
39,1999,25.41373931
39,2000,22.83718556
39,2001,24.38730935
39,2002,23.01781208
39,2003,21.82825935
39,2004,19.99710206
39,2005,13.49848799
39,2006,10.26077164
39,2007,8.311253738
39,2008,7.291677838
39,2009,12.39476616
39,2010,12.51715002
39,2011,11.4256938
39,2012,13.94777685
39,2013,12.74967133
39,2014,11.1746144
39,2015,28.31578687
39,2016,39.57793682
39,2017,36.05619393
39,2018,37.33106531
39,2019,34.95068825
39,2020,32.96110553
39,2021,32.0070475
40,2000,104.5421635
40,2001,102.0531732
40,2002,70.94822218
40,2003,68.69243371
40,2004,51.95373559
40,2005,35.7366343
40,2006,18.69656186
40,2007,16.06556436
40,2008,16.64651492
40,2009,22.70966678
40,2010,44.29050748
40,2011,33.80086829
40,2012,29.486661
40,2013,32.87412649
40,2014,40.6608972
40,2015,64.23874051
40,2016,77.70620951
40,2017,73.64706717
40,2018,71.23832586
40,2019,69.6408458
40,2020,67.62904874
40,2021,65.48968165
41,1990,25.71067821
41,1991,27.79504763
41,1992,28.72666198
41,1993,32.82139387
41,1994,31.05385236
41,1995,29.38094454
41,1996,28.19490272
41,1997,30.40054672
41,1998,30.93947632
41,1999,31.84289133
41,2000,28.57092276
41,2001,31.25140167
41,2002,34.28508888
41,2003,32.20215905
41,2004,30.76497374
41,2005,27.13616768
41,2006,28.86958966
41,2007,33.29712727
41,2008,37.94617559
41,2009,42.34496786
41,2010,37.02480981
41,2011,40.29489801
41,2012,43.5455672
41,2013,36.19444478
41,2014,40.66100494
41,2015,46.11057398
41,2016,40.83767042
41,2017,38.87852832
41,2018,37.79570266
41,2019,36.97831586
41,2020,36.04265486
41,2021,35.05944309
42,2001,45.81322406
42,2002,45.27474778
42,2003,44.53485492
42,2004,44.09844451
42,2005,45.09261131
42,2006,45.84163968
42,2007,47.93328131
42,2008,58.70840443
42,2009,53.4516586
42,2010,42.05432142
42,2011,34.52191084
42,2012,38.85268409
42,2013,42.16973272
42,2014,40.21891785
42,2015,44.20947502
42,2016,42.83040674
42,2017,45.95468747
42,2018,45.86672074
42,2019,45.91361984
42,2020,45.92753908
42,2021,44.80170282
43,1994,24.28377174
43,1995,22.45501921
43,1996,20.35740151
43,1997,20.77332733
43,1998,24.69896976
43,1999,23.5580775
43,2000,20.83096966
43,2001,18.6612704
43,2002,27.67312245
43,2003,28.5210859
43,2004,25.86450473
43,2005,22.67047777
43,2006,31.22299183
43,2007,27.77472894
43,2008,30.14119232
43,2009,33.68577237
43,2010,31.78441131
43,2011,33.75358957
43,2012,37.19322705
43,2013,38.50134948
43,2014,35.72214459
43,2015,40.51260468
43,2016,44.8665392
43,2017,41.49494042
43,2018,40.68778535
43,2019,38.09573058
43,2020,37.34151467
43,2021,37.18197062
44,1996,40.60300413
44,1997,43.03652203
44,1998,41.99982827
44,1999,63.32326882
44,2000,49.61943782
44,2001,41.93654204
44,2002,38.18909321
44,2003,43.18540431
44,2004,35.73805267
44,2005,34.73572254
44,2006,38.36049875
44,2007,41.16722447
44,2008,55.39420359
44,2009,41.91572421
44,2010,40.02912472
44,2011,40.15856404
44,2012,41.30949996
44,2013,40.54887217
44,2014,41.90192887
44,2015,29.67446553
44,2016,26.34457972
44,2017,27.85702262
44,2018,26.95578356
44,2019,26.36116266
44,2020,25.79452265
44,2021,25.28974847
45,1990,0
45,1991,77.833696
45,1992,62.92569334
45,1993,74.02787618
45,1994,98.37605002
45,1995,116.1950932
45,1996,98.14785992
45,1997,69.85506158
45,1998,72.86318397
45,1999,82.01907366
45,2000,62.81327125
45,2001,48.85478839
45,2002,45.33845096
45,2003,31.53288933
45,2004,23.4977074
45,2005,1.977640842
45,2006,-10.74141956
45,2007,-20.73627452
45,2008,-30.36830811
45,2009,-33.13905776
45,2010,-29.51028132
45,2011,-27.55816397
45,2012,-25.26647448
45,2013,-25.68274875
45,2014,-17.6655411
45,2015,-3.284613761
45,2016,8.869538226
45,2017,17.13432257
45,2018,23.87796675
45,2019,29.12120983
45,2020,32.65133472
45,2021,34.53208509
46,1990,4.808802309
46,1991,5.61050976
46,1992,2.900900097
46,1993,-3.646560042
46,1994,0.897808256
46,1995,2.558815755
46,1996,6.891284047
46,1997,5.868174951
46,1998,-1.331394588
46,1999,1.054430957
46,2000,12.66576937
46,2001,5.79621963
46,2002,2.754687362
46,2003,5.72836662
46,2004,5.154965767
46,2005,13.39806929
46,2006,13.76508764
46,2007,6.048042286
46,2008,8.832997008
46,2009,-5.952653453
46,2010,-0.832193372
46,2011,-1.672338064
46,2012,-5.305858441
46,2013,-0.450480059
46,2014,-7.437931507
46,2015,-16.72111564
46,2016,-13.27245518
46,2017,-9.33154903
46,2018,-7.627970243
46,2019,-6.228591353
46,2020,-4.67067854
46,2021,-3.075496808
47,2001,-2.163936034
47,2002,-2.429867043
47,2003,-0.225939888
47,2004,0.275827845
47,2005,0.363166474
47,2006,1.326481804
47,2007,-0.282445915
47,2008,-9.190564577
47,2009,-8.50246037
47,2010,-1.658049536
47,2011,3.668880853
47,2012,1.289565625
47,2013,-1.836593422
47,2014,-0.676165471
47,2015,-1.754527681
47,2016,-3.046317249
47,2017,-5.640014963
47,2018,-5.150154243
47,2019,-4.541883066
47,2020,-4.093441432
47,2021,-2.766734044
48,1994,-6.407394634
48,1995,-4.783016215
48,1996,-2.446907139
48,1997,-1.494214531
48,1998,-4.245022226
48,1999,-4.686470322
48,2000,2.69818122
48,2001,3.393309422
48,2002,-5.181738645
48,2003,-0.221337537
48,2004,1.693712109
48,2005,2.598016784
48,2006,-2.706473215
48,2007,0.919975668
48,2008,21.73696425
48,2009,8.48285274
48,2010,14.42697289
48,2011,11.96171415
48,2012,4.527166472
48,2013,1.192472423
48,2014,3.340725085
48,2015,-6.506341297
48,2016,-9.181877926
48,2017,-3.24169925
48,2018,0.204314695
48,2019,6.889343278
48,2020,8.453554296
48,2021,8.037082987
49,1996,18.36463645
49,1997,6.663063251
49,1998,0.277751832
49,1999,-3.983377862
49,2000,8.225708784
49,2001,8.867178151
49,2002,-0.254669797
49,2003,-4.085875773
49,2004,3.722247925
49,2005,11.36377988
49,2006,13.39914352
49,2007,5.812808702
49,2008,-2.512597601
49,2009,-5.63275728
49,2010,4.630869298
49,2011,9.644594757
49,2012,5.542620464
49,2013,0.489536696
49,2014,-5.37517387
49,2015,-2.873850219
49,2016,-3.052094407
49,2017,-2.489137196
49,2018,-0.973554079
49,2019,-0.173043548
49,2020,0.409428287
49,2021,0.772103379
